medicion,n,tiempo_a_s,tiempo_b_s,razon_tiempo,memoria_a_mb,memoria_b_mb,razon_memoria
Hora del siniestro,500,0.0031321166667718594,0.001198976923031016,2.612324396414455,0.0056667327880859375,0.0126495361328125,0.4479794933655006
Hora del siniestro,1000,0.006056433332560118,0.002183162499932223,2.7741559928535517,0.010091781616210938,0.0202789306640625,0.49764860797592175
Hora del siniestro,2500,0.0155838999999105,0.0022490333334038346,6.929154747708787,0.021230697631835938,0.09189224243164062,0.23103906347295447
Hora del siniestro,5541,0.03327509999871836,0.0022425285715144128,14.838205595858781,0.04662132263183594,0.18309402465820312,0.2546304977394421
Fatales por comuna,500,0.10884689999875263,0.0005386791666145049,202.0625759166342,0.08489608764648438,0.031190872192382812,2.72182474163762
Fatales por comuna,1000,0.1546359999993001,0.0006154652173395532,251.2505916544544,0.07831859588623047,0.05619239807128906,1.393757849360171
Fatales por comuna,2500,0.1981993000008515,0.0007965400000102818,248.8252943961297,0.09218978881835938,0.11169242858886719,0.8253897778309056
Fatales por comuna,5541,0.2548253000022669,0.001069166666760187,238.3401091005243,0.15839385986328125,0.22122764587402344,0.7159767905023839
Recorrido de carpetas,1000,0.04648729999826173,0.0014212272726581432,32.70926536001228,1.2994985580444336,0.007178306579589844,181.03135379301182
Recorrido de carpetas,5000,0.06267560000196681,0.0014045272728253622,44.62398218575557,6.410262107849121,0.007178306579589844,893.0047827819849
Recorrido de carpetas,20000,0.24652430000060122,0.0014317545455097306,172.18335417460406,25.612818717956543,0.007201194763183594,3556.745729042511
